"Code Fap";"Libellé de la famille professionnelle";"Année";"Salaire médian (en €)"
"A";"Agriculture, marine, pęche";"2003-2005";"1117"
"A";"Agriculture, marine, pęche";"2017-2019";"1482"
"A0Z";"Agriculteurs, éleveurs, sylviculteurs, bűcherons";"2003-2005";"1083"
"A0Z";"Agriculteurs, éleveurs, sylviculteurs, bűcherons";"2017-2019";"1430"
"A0Z40";"Agriculteurs salariés";"2003-2005";"1012"
"A0Z40";"Agriculteurs salariés";"2017-2019";"1400"
"A0Z41";"Éleveurs salariés";"2003-2005";"1092"
"A0Z41";"Éleveurs salariés";"2017-2019";"1394"
"A0Z42";"Bűcherons, sylviculteurs salariés et agents forestiers";"2017-2019";"1638"
"A0Z42";"Bűcherons, sylviculteurs salariés et agents forestiers";"2003-2005";"1241"
"A0Z43";"Conducteurs d'engins agricoles ou forestiers";"2017-2019";"1625"
"A0Z43";"Conducteurs d'engins agricoles ou forestiers";"2003-2005";"1173"
"A1Z";"Maraîchers, jardiniers, viticulteurs";"2017-2019";"1366"
"A1Z";"Maraîchers, jardiniers, viticulteurs";"2003-2005";"1092"
"A1Z40";"Maraîchers, horticulteurs salariés";"2003-2005";"1000"
"A1Z40";"Maraîchers, horticulteurs salariés";"2017-2019";"1295"
"A1Z41";"Jardiniers salariés";"2003-2005";"1152"
"A1Z41";"Jardiniers salariés";"2017-2019";"1452"
"A1Z42";"Viticulteurs, arboriculteurs salariés";"2017-2019";"1300"
"A1Z42";"Viticulteurs, arboriculteurs salariés";"2003-2005";"1067"
"A2Z";"Techniciens et cadres de l'agriculture";"2003-2005";"1626"
"A2Z";"Techniciens et cadres de l'agriculture";"2017-2019";"2100"
"A2Z70";"Techniciens et agents d'encadrement d'exploitations agricoles";"2017-2019";"1958"
"A2Z70";"Techniciens et agents d'encadrement d'exploitations agricoles";"2003-2005";"1500"
"A2Z90";"Ingénieurs, cadres techniques de l'agriculture";"2003-2005";"2083"
"A2Z90";"Ingénieurs, cadres techniques de l'agriculture";"2017-2019";"2500"
"A3Z";"Marins, pęcheurs, aquaculteurs";"2003-2005";"1700"
"A3Z";"Marins, pęcheurs, aquaculteurs";"2017-2019";"2085"
"A3Z40";"Pęcheurs, aquaculteurs salariés";"2003-2005";"1335"
"A3Z40";"Pęcheurs, aquaculteurs salariés";"2017-2019";"1500"
"B";"Bâtiment, travaux publics";"2017-2019";"1800"
"B";"Bâtiment, travaux publics";"2003-2005";"1350"
"B0Z";"Ouvriers non qualifiés du gros śuvre du bâtiment, des travaux publics, du béton et de l'extraction";"2003-2005";"1169"
"B0Z";"Ouvriers non qualifiés du gros śuvre du bâtiment, des travaux publics, du béton et de l'extraction";"2017-2019";"1560"
"B0Z20";"Ouvriers non qualifiés des travaux publics, du béton et de l'extraction";"2017-2019";"1600"
"B0Z20";"Ouvriers non qualifiés des travaux publics, du béton et de l'extraction";"2003-2005";"1200"
"B0Z21";"Ouvriers non qualifiés du gros śuvre du bâtiment";"2017-2019";"1500"
"B0Z21";"Ouvriers non qualifiés du gros śuvre du bâtiment";"2003-2005";"1129"
"B1Z";"Ouvriers qualifiés des travaux publics, du béton et de l'extraction";"2003-2005";"1408"
"B1Z";"Ouvriers qualifiés des travaux publics, du béton et de l'extraction";"2017-2019";"1841"
"B1Z40";"Ouvriers qualifiés des travaux publics, du béton et de l'extraction";"2017-2019";"1841"
"B1Z40";"Ouvriers qualifiés des travaux publics, du béton et de l'extraction";"2003-2005";"1408"
"B2Z";"Ouvriers qualifiés du gros śuvre du bâtiment";"2017-2019";"1700"
"B2Z";"Ouvriers qualifiés du gros śuvre du bâtiment";"2003-2005";"1268"
"B2Z40";"Maçons";"2003-2005";"1270"
"B2Z40";"Maçons";"2017-2019";"1675"
"B2Z42";"Charpentiers (métal)";"2003-2005";"1356"
"B2Z42";"Charpentiers (métal)";"2017-2019";"1850"
"B2Z43";"Charpentiers (bois)";"2017-2019";"1740"
"B2Z43";"Charpentiers (bois)";"2003-2005";"1250"
"B2Z44";"Couvreurs";"2017-2019";"1700"
"B2Z44";"Couvreurs";"2003-2005";"1220"
"B3Z";"Ouvriers non qualifiés du second śuvre du bâtiment";"2003-2005";"1136"
"B3Z";"Ouvriers non qualifiés du second śuvre du bâtiment";"2017-2019";"1500"
"B3Z20";"Ouvriers non qualifiés du second śuvre du bâtiment";"2003-2005";"1136"
"B3Z20";"Ouvriers non qualifiés du second śuvre du bâtiment";"2017-2019";"1500"
"B4Z";"Ouvriers qualifiés du second śuvre du bâtiment";"2017-2019";"1700"
"B4Z";"Ouvriers qualifiés du second śuvre du bâtiment";"2003-2005";"1300"
"B4Z41";"Plombiers, chauffagistes";"2003-2005";"1344"
"B4Z41";"Plombiers, chauffagistes";"2017-2019";"1800"
"B4Z42";"Menuisiers et ouvriers de l'agencement et de l'isolation";"2017-2019";"1700"
"B4Z42";"Menuisiers et ouvriers de l'agencement et de l'isolation";"2003-2005";"1300"
"B4Z43";"Électriciens du bâtiment";"2017-2019";"1716"
"B4Z43";"Électriciens du bâtiment";"2003-2005";"1335"
"B4Z44";"Ouvriers qualifiés de la peinture et de la finition du bâtiment";"2003-2005";"1250"
"B4Z44";"Ouvriers qualifiés de la peinture et de la finition du bâtiment";"2017-2019";"1617"
"B5Z";"Conducteurs d'engins du bâtiment et des travaux publics";"2017-2019";"1800"
"B5Z";"Conducteurs d'engins du bâtiment et des travaux publics";"2003-2005";"1372"
"B5Z40";"Conducteurs d'engins du bâtiment et des travaux publics";"2003-2005";"1372"
"B5Z40";"Conducteurs d'engins du bâtiment et des travaux publics";"2017-2019";"1800"
"B6Z";"Techniciens et agents de maîtrise du bâtiment et des travaux publics";"2003-2005";"1678"
"B6Z";"Techniciens et agents de maîtrise du bâtiment et des travaux publics";"2017-2019";"2058"
"B6Z70";"Géomčtres";"2017-2019";"1891"
"B6Z70";"Géomčtres";"2003-2005";"1500"
"B6Z71";"Techniciens et chargés d'études du bâtiment et des travaux publics";"2017-2019";"1980"
"B6Z71";"Techniciens et chargés d'études du bâtiment et des travaux publics";"2003-2005";"1625"
"B6Z72";"Dessinateurs en bâtiment et en travaux publics";"2017-2019";"1861"
"B6Z72";"Dessinateurs en bâtiment et en travaux publics";"2003-2005";"1536"
"B6Z73";"Chefs de chantier, conducteurs de travaux (non cadres)";"2003-2005";"1802"
"B6Z73";"Chefs de chantier, conducteurs de travaux (non cadres)";"2017-2019";"2250"
"B7Z";"Cadres du bâtiment et des travaux publics";"2017-2019";"2808"
"B7Z";"Cadres du bâtiment et des travaux publics";"2003-2005";"2547"
"B7Z91";"Ingénieurs du bâtiment et des travaux publics, chefs de chantier et conducteurs de travaux (cadres)";"2003-2005";"2572"
"B7Z91";"Ingénieurs du bâtiment et des travaux publics, chefs de chantier et conducteurs de travaux (cadres)";"2017-2019";"2866"
"C";"Électricité, électronique";"2003-2005";"1420"
"C";"Électricité, électronique";"2017-2019";"1841"
"C0Z";"Ouvriers non qualifiés de l'électricité et de l'électronique";"2017-2019";"1500"
"C0Z";"Ouvriers non qualifiés de l'électricité et de l'électronique";"2003-2005";"1156"
"C0Z20";"Ouvriers non qualifiés de l'électricité et de l'électronique";"2017-2019";"1500"
"C0Z20";"Ouvriers non qualifiés de l'électricité et de l'électronique";"2003-2005";"1156"
"C1Z";"Ouvriers qualifiés de l'électricité et de l'électronique";"2017-2019";"1683"
"C1Z";"Ouvriers qualifiés de l'électricité et de l'électronique";"2003-2005";"1280"
"C1Z40";"Ouvriers qualifiés de l'électricité et de l'électronique";"2017-2019";"1683"
"C1Z40";"Ouvriers qualifiés de l'électricité et de l'électronique";"2003-2005";"1280"
"C2Z";"Techniciens et agents de maîtrise de l'électricité et de l'électronique";"2003-2005";"1585"
"C2Z";"Techniciens et agents de maîtrise de l'électricité et de l'électronique";"2017-2019";"2000"
"C2Z70";"Techniciens en électricité et en électronique";"2003-2005";"1533"
"C2Z70";"Techniciens en électricité et en électronique";"2017-2019";"1968"
"C2Z71";"Dessinateurs en électricité et en électronique";"2003-2005";"1701"
"C2Z71";"Dessinateurs en électricité et en électronique";"2017-2019";"2000"
"C2Z80";"Agents de maîtrise et assimilés en fabrication de matériel électrique, électronique";"2017-2019";"2580"
"C2Z80";"Agents de maîtrise et assimilés en fabrication de matériel électrique, électronique";"2003-2005";"1788"
"D";"Mécanique, travail des métaux";"2003-2005";"1400"
"D";"Mécanique, travail des métaux";"2017-2019";"1825"
"D0Z";"Ouvriers non qualifiés travaillant par enlčvement ou formage de métal";"2003-2005";"1200"
"D0Z";"Ouvriers non qualifiés travaillant par enlčvement ou formage de métal";"2017-2019";"1538"
"D0Z20";"Ouvriers non qualifiés travaillant par enlčvement ou formage de métal";"2017-2019";"1538"
"D0Z20";"Ouvriers non qualifiés travaillant par enlčvement ou formage de métal";"2003-2005";"1200"
"D1Z";"Ouvriers qualifiés travaillant par enlčvement de métal";"2003-2005";"1414"
"D1Z";"Ouvriers qualifiés travaillant par enlčvement de métal";"2017-2019";"1841"
"D1Z40";"Régleurs";"2003-2005";"1408"
"D1Z40";"Régleurs";"2017-2019";"1904"
"D1Z41";"Ouvriers qualifiés travaillant par enlčvement de métal";"2003-2005";"1417"
"D1Z41";"Ouvriers qualifiés travaillant par enlčvement de métal";"2017-2019";"1837"
"D2Z";"Ouvriers qualifiés travaillant par formage de métal";"2017-2019";"1756"
"D2Z";"Ouvriers qualifiés travaillant par formage de métal";"2003-2005";"1330"
"D2Z40";"Chaudronniers, tôliers, traceurs, serruriers, métalliers, forgerons";"2017-2019";"1778"
"D2Z40";"Chaudronniers, tôliers, traceurs, serruriers, métalliers, forgerons";"2003-2005";"1344"
"D2Z41";"Tuyauteurs";"2017-2019";"1802"
"D2Z41";"Tuyauteurs";"2003-2005";"1330"
"D2Z42";"Soudeurs";"2017-2019";"1746"
"D2Z42";"Soudeurs";"2003-2005";"1313"
"D3Z";"Ouvriers non qualifiés de la mécanique";"2017-2019";"1520"
"D3Z";"Ouvriers non qualifiés de la mécanique";"2003-2005";"1192"
"D3Z20";"Ouvriers non qualifiés métallerie, serrurerie, montage";"2017-2019";"1520"
"D3Z20";"Ouvriers non qualifiés métallerie, serrurerie, montage";"2003-2005";"1192"
"D4Z";"Ouvriers qualifiés de la mécanique";"2003-2005";"1398"
"D4Z";"Ouvriers qualifiés de la mécanique";"2017-2019";"1765"
"D4Z40";"Monteurs, ajusteurs et autres ouvriers qualifiés de la mécanique";"2003-2005";"1400"
"D4Z40";"Monteurs, ajusteurs et autres ouvriers qualifiés de la mécanique";"2017-2019";"1800"
"D4Z41";"Agents qualifiés de traitement thermique et de surface";"2003-2005";"1300"
"D4Z41";"Agents qualifiés de traitement thermique et de surface";"2017-2019";"1648"
"D6Z";"Techniciens et agents de maîtrise des industries mécaniques";"2003-2005";"1741"
"D6Z";"Techniciens et agents de maîtrise des industries mécaniques";"2017-2019";"2183"
"D6Z70";"Techniciens en mécanique et travail des métaux";"2017-2019";"2173"
"D6Z70";"Techniciens en mécanique et travail des métaux";"2003-2005";"1750"
"D6Z71";"Dessinateurs en mécanique et travail des métaux";"2017-2019";"2056"
"D6Z71";"Dessinateurs en mécanique et travail des métaux";"2003-2005";"1608"
"D6Z80";"Agents de maîtrise et assimilés en fabrication mécanique";"2003-2005";"1778"
"D6Z80";"Agents de maîtrise et assimilés en fabrication mécanique";"2017-2019";"2266"
"E";"Industries de process";"2003-2005";"1354"
"E";"Industries de process";"2017-2019";"1799"
"E0Z";"Ouvriers non qualifiés des industries de process";"2003-2005";"1135"
"E0Z";"Ouvriers non qualifiés des industries de process";"2017-2019";"1500"
"E0Z20";"Ouvriers non qualifiés des industries chimiques et plastiques";"2003-2005";"1197"
"E0Z20";"Ouvriers non qualifiés des industries chimiques et plastiques";"2017-2019";"1500"
"E0Z21";"Ouvriers non qualifiés des industries agro-alimentaires";"2017-2019";"1477"
"E0Z21";"Ouvriers non qualifiés des industries agro-alimentaires";"2003-2005";"1100"
"E0Z22";"Ouvriers non qualifiés en métallurgie, verre, céramique et matériaux de construction";"2017-2019";"1619"
"E0Z22";"Ouvriers non qualifiés en métallurgie, verre, céramique et matériaux de construction";"2003-2005";"1200"
"E0Z23";"Ouvriers non qualifiés du papier-carton et du bois";"2003-2005";"1267"
"E0Z23";"Ouvriers non qualifiés du papier-carton et du bois";"2017-2019";"1691"
"E0Z24";"Autres ouvriers non qualifiés de type industriel";"2003-2005";"1095"
"E0Z24";"Autres ouvriers non qualifiés de type industriel";"2017-2019";"1400"
"E1Z";"Ouvriers qualifiés des industries de process";"2017-2019";"1750"
"E1Z";"Ouvriers qualifiés des industries de process";"2003-2005";"1367"
"E1Z40";"Pilotes d'installation lourde des industries de transformation";"2017-2019";"1800"
"E1Z40";"Pilotes d'installation lourde des industries de transformation";"2003-2005";"1333"
"E1Z41";"Autres ouvriers qualifiés des industries chimiques et plastiques";"2017-2019";"1800"
"E1Z41";"Autres ouvriers qualifiés des industries chimiques et plastiques";"2003-2005";"1391"
"E1Z42";"Autres ouvriers qualifiés des industries agro-alimentaires (hors transformation des viandes)";"2017-2019";"1600"
"E1Z42";"Autres ouvriers qualifiés des industries agro-alimentaires (hors transformation des viandes)";"2003-2005";"1310"
"E1Z43";"Autres ouvriers qualifiés en verre, céramique, métallurgie, matériaux de construction et énergie ";"2003-2005";"1399"
"E1Z43";"Autres ouvriers qualifiés en verre, céramique, métallurgie, matériaux de construction et énergie ";"2017-2019";"1778"
"E1Z44";"Ouvriers qualifiés des industries lourdes du bois et de la fabrication de papier-carton";"2003-2005";"1667"
"E1Z44";"Ouvriers qualifiés des industries lourdes du bois et de la fabrication de papier-carton";"2017-2019";"1893"
"E1Z46";"Agents qualifiés de laboratoire";"2017-2019";"1874"
"E1Z46";"Agents qualifiés de laboratoire";"2003-2005";"1372"
"E1Z47";"Autres ouvriers qualifiés de type industriel";"2017-2019";"1643"
"E1Z47";"Autres ouvriers qualifiés de type industriel";"2003-2005";"1267"
"E2Z";"Techniciens et agents de maîtrise des industries de process";"2017-2019";"2183"
"E2Z";"Techniciens et agents de maîtrise des industries de process";"2003-2005";"1757"
"E2Z70";"Techniciens des industries de process";"2003-2005";"1712"
"E2Z70";"Techniciens des industries de process";"2017-2019";"2166"
"E2Z80";"Agents de maîtrise et assimilés des industries de process";"2003-2005";"1864"
"E2Z80";"Agents de maîtrise et assimilés des industries de process";"2017-2019";"2213"
"Ensemble";nd;"2003-2005";"1450"
"Ensemble";nd;"2017-2019";"1841"
"F";"Matériaux souples, bois, industries graphiques";"2017-2019";"1600"
"F";"Matériaux souples, bois, industries graphiques";"2003-2005";"1211"
"F0Z";"Ouvriers non qualifiés du textile et du cuir";"2017-2019";"1300"
"F0Z";"Ouvriers non qualifiés du textile et du cuir";"2003-2005";"1020"
"F0Z20";"Ouvriers non qualifiés du textile et du cuir";"2017-2019";"1300"
"F0Z20";"Ouvriers non qualifiés du textile et du cuir";"2003-2005";"1020"
"F1Z";"Ouvriers qualifiés du textile et du cuir";"2003-2005";"1083"
"F1Z";"Ouvriers qualifiés du textile et du cuir";"2017-2019";"1459"
"F1Z40";"Ouvriers qualifiés du travail industriel du textile et du cuir";"2017-2019";"1495"
"F1Z40";"Ouvriers qualifiés du travail industriel du textile et du cuir";"2003-2005";"1083"
"F1Z41";"Ouvriers qualifiés du travail artisanal du textile et du cuir";"2003-2005";"1093"
"F1Z41";"Ouvriers qualifiés du travail artisanal du textile et du cuir";"2017-2019";"1408"
"F2Z";"Ouvriers non qualifiés du travail du bois et de l'ameublement";"2017-2019";"1450"
"F2Z";"Ouvriers non qualifiés du travail du bois et de l'ameublement";"2003-2005";"1067"
"F2Z20";"Ouvriers non qualifiés du travail du bois et de l'ameublement";"2003-2005";"1067"
"F2Z20";"Ouvriers non qualifiés du travail du bois et de l'ameublement";"2017-2019";"1450"
"F3Z";"Ouvriers qualifiés du travail du bois et de l'ameublement";"2017-2019";"1647"
"F3Z";"Ouvriers qualifiés du travail du bois et de l'ameublement";"2003-2005";"1241"
"F3Z41";"Ouvriers qualifiés du travail du bois et de l'ameublement";"2017-2019";"1647"
"F3Z41";"Ouvriers qualifiés du travail du bois et de l'ameublement";"2003-2005";"1241"
"F4Z";"Ouvriers des industries graphiques";"2003-2005";"1320"
"F4Z";"Ouvriers des industries graphiques";"2017-2019";"1707"
"F4Z20";"Ouvriers non qualifiés de l'imprimerie, de la presse et de l'édition";"2017-2019";"1500"
"F4Z20";"Ouvriers non qualifiés de l'imprimerie, de la presse et de l'édition";"2003-2005";"1192"
"F4Z41";"Ouvriers qualifiés de l'impression et du façonnage des industries graphiques";"2017-2019";"1750"
"F4Z41";"Ouvriers qualifiés de l'impression et du façonnage des industries graphiques";"2003-2005";"1370"
"F5Z";"Techniciens et agents de maîtrise des matériaux souples, du bois et des industries graphiques";"2017-2019";"2000"
"F5Z";"Techniciens et agents de maîtrise des matériaux souples, du bois et des industries graphiques";"2003-2005";"1625"
"F5Z70";"Techniciens et agents de maîtrise des matériaux souples, du bois et des industries graphiques";"2003-2005";"1625"
"F5Z70";"Techniciens et agents de maîtrise des matériaux souples, du bois et des industries graphiques";"2017-2019";"2000"
"G";"Maintenance";"2003-2005";"1475"
"G";"Maintenance";"2017-2019";"1901"
"G0A";"Ouvriers qualifiés de la maintenance";"2003-2005";"1388"
"G0A";"Ouvriers qualifiés de la maintenance";"2017-2019";"1750"
"G0A40";"Ouvriers qualifiés de la maintenance en mécanique";"2003-2005";"1423"
"G0A40";"Ouvriers qualifiés de la maintenance en mécanique";"2017-2019";"1888"
"G0A41";"Ouvriers qualifiés de la maintenance en électricité et en électronique";"2017-2019";"2000"
"G0A41";"Ouvriers qualifiés de la maintenance en électricité et en électronique";"2003-2005";"1500"
"G0A43";"Ouvriers qualifiés polyvalents d'entretien du bâtiment";"2017-2019";"1540"
"G0A43";"Ouvriers qualifiés polyvalents d'entretien du bâtiment";"2003-2005";"1265"
"G0B";"Ouvriers qualifiés de la réparation automobile";"2017-2019";"1625"
"G0B";"Ouvriers qualifiés de la réparation automobile";"2003-2005";"1246"
"G0B40";"Carrossiers automobiles";"2003-2005";"1300"
"G0B40";"Carrossiers automobiles";"2017-2019";"1700"
"G0B41";"Mécaniciens et électroniciens de véhicules";"2003-2005";"1220"
"G0B41";"Mécaniciens et électroniciens de véhicules";"2017-2019";"1600"
"G1Z";"Techniciens et agents de maîtrise de la maintenance";"2017-2019";"2020"
"G1Z";"Techniciens et agents de maîtrise de la maintenance";"2003-2005";"1683"
"G1Z70";"Techniciens et agents de maîtrise de la maintenance et de l'environnement";"2017-2019";"2100"
"G1Z70";"Techniciens et agents de maîtrise de la maintenance et de l'environnement";"2003-2005";"1702"
"G1Z71";"Techniciens experts";"2017-2019";"1994"
"G1Z71";"Techniciens experts";"2003-2005";"1609"
"G1Z80";"Agents de maîtrise en entretien";"2003-2005";"1698"
"G1Z80";"Agents de maîtrise en entretien";"2017-2019";"2000"
"H";"Ingénieurs et cadres de l'industrie";"2017-2019";"3120"
"H";"Ingénieurs et cadres de l'industrie";"2003-2005";"2694"
"H0Z";"Ingénieurs et cadres techniques de l'industrie";"2003-2005";"2694"
"H0Z";"Ingénieurs et cadres techniques de l'industrie";"2017-2019";"3120"
"H0Z90";"Ingénieurs et cadres de fabrication et de la production";"2003-2005";"2973"
"H0Z90";"Ingénieurs et cadres de fabrication et de la production";"2017-2019";"3431"
"H0Z91";"Cadres techniques de la maintenance et de l'environnement";"2017-2019";"3100"
"H0Z91";"Cadres techniques de la maintenance et de l'environnement";"2003-2005";"2604"
"H0Z92";"Ingénieurs des méthodes de production, du contrôle qualité";"2003-2005";"2348"
"H0Z92";"Ingénieurs des méthodes de production, du contrôle qualité";"2017-2019";"2800"
"J";"Transports, logistique et tourisme";"2017-2019";"1700"
"J";"Transports, logistique et tourisme";"2003-2005";"1312"
"J0Z";"Ouvriers non qualifiés de la manutention";"2017-2019";"1380"
"J0Z";"Ouvriers non qualifiés de la manutention";"2003-2005";"1083"
"J0Z20";"Ouvriers non qualifiés de l'emballage et manutentionnaires";"2003-2005";"1083"
"J0Z20";"Ouvriers non qualifiés de l'emballage et manutentionnaires";"2017-2019";"1380"
"J1Z";"Ouvriers qualifiés de la manutention";"2017-2019";"1616"
"J1Z";"Ouvriers qualifiés de la manutention";"2003-2005";"1282"
"J1Z40";"Ouvriers qualifiés du magasinage et de la manutention";"2003-2005";"1235"
"J1Z40";"Ouvriers qualifiés du magasinage et de la manutention";"2017-2019";"1550"
"J1Z80";"Responsables magasinage";"2017-2019";"2006"
"J1Z80";"Responsables magasinage";"2003-2005";"1540"
"J3Z";"Conducteurs de véhicules";"2017-2019";"1800"
"J3Z";"Conducteurs de véhicules";"2003-2005";"1393"
"J3Z40";"Conducteurs de véhicules légers";"2003-2005";"1220"
"J3Z40";"Conducteurs de véhicules légers";"2017-2019";"1600"
"J3Z41";"Conducteurs de transport en commun sur route";"2017-2019";"1833"
"J3Z41";"Conducteurs de transport en commun sur route";"2003-2005";"1401"
"J3Z42";"Conducteurs et livreurs sur courte distance";"2017-2019";"1594"
"J3Z42";"Conducteurs et livreurs sur courte distance";"2003-2005";"1250"
"J3Z43";"Conducteurs routiers";"2017-2019";"1903"
"J3Z43";"Conducteurs routiers";"2003-2005";"1459"
"J3Z44";"Conducteurs sur rails et d'engins de traction";"2003-2005";"1651"
"J3Z44";"Conducteurs sur rails et d'engins de traction";"2017-2019";"2500"
"J4Z";"Agents d'exploitation des transports";"2017-2019";"2166"
"J4Z";"Agents d'exploitation des transports";"2003-2005";"1680"
"J4Z40";"Agents d'exploitation des transports";"2017-2019";"1850"
"J4Z40";"Agents d'exploitation des transports";"2003-2005";"1500"
"J4Z80";"Responsables logistiques (non cadres)";"2017-2019";"2208"
"J4Z80";"Responsables logistiques (non cadres)";"2003-2005";"1773"
"J5Z";"Agents administratifs et commerciaux des transports et du tourisme";"2003-2005";"1512"
"J5Z";"Agents administratifs et commerciaux des transports et du tourisme";"2017-2019";"1800"
"J5Z60";"Agents et hôtesses d'accompagnement";"2017-2019";"2000"
"J5Z60";"Agents et hôtesses d'accompagnement";"2003-2005";"1975"
"J5Z61";"Agents administratifs des transports";"2003-2005";"1418"
"J5Z61";"Agents administratifs des transports";"2017-2019";"1666"
"J5Z62";"Employés des transports et du tourisme";"2017-2019";"1655"
"J5Z62";"Employés des transports et du tourisme";"2003-2005";"1476"
"J5Z80";"Techniciens des transports et du tourisme";"2017-2019";"1950"
"J5Z80";"Techniciens des transports et du tourisme";"2003-2005";"1608"
"J6Z";"Cadres des transports, de la logistique et navigants de l'aviation";"2017-2019";"3100"
"J6Z";"Cadres des transports, de la logistique et navigants de l'aviation";"2003-2005";"2614"
"J6Z90";"Cadres des transports";"2017-2019";"3033"
"J6Z90";"Cadres des transports";"2003-2005";"2414"
"J6Z91";"Personnels navigants de l'aviation";"2017-2019";"4500"
"J6Z91";"Personnels navigants de l'aviation";"2003-2005";"4596"
"J6Z92";"Ingénieurs et cadres de la logistique, du planning et de l'ordonnancement";"2003-2005";"2550"
"J6Z92";"Ingénieurs et cadres de la logistique, du planning et de l'ordonnancement";"2017-2019";"2960"
"K";"Artisanat";"2003-2005";"972"
"K";"Artisanat";"2017-2019";"1322"
"K0Z";"Artisans et ouvriers artisanaux";"2003-2005";"972"
"K0Z";"Artisans et ouvriers artisanaux";"2017-2019";"1322"
"K0Z20";"Ouvriers non qualifiés divers de type artisanal";"2017-2019";"1200"
"K0Z20";"Ouvriers non qualifiés divers de type artisanal";"2003-2005";"874"
"K0Z40";"Artisans et ouvriers qualifiés divers de type artisanal";"2017-2019";"1527"
"K0Z40";"Artisans et ouvriers qualifiés divers de type artisanal";"2003-2005";"1242"
"L";"Gestion, administration des entreprises";"2003-2005";"1517"
"L";"Gestion, administration des entreprises";"2017-2019";"2000"
"L0Z";"Secrétaires";"2003-2005";"1278"
"L0Z";"Secrétaires";"2017-2019";"1551"
"L0Z60";"Secrétaires bureautiques et assimilés";"2017-2019";"1551"
"L0Z60";"Secrétaires bureautiques et assimilés";"2003-2005";"1278"
"L1Z";"Employés de la comptabilité";"2003-2005";"1341"
"L1Z";"Employés de la comptabilité";"2017-2019";"1733"
"L1Z60";"Employés de la comptabilité";"2003-2005";"1341"
"L1Z60";"Employés de la comptabilité";"2017-2019";"1733"
"L2Z";"Employés administratifs d'entreprise";"2003-2005";"1285"
"L2Z";"Employés administratifs d'entreprise";"2017-2019";"1560"
"L2Z60";"Agents d'accueil et d'information";"2017-2019";"1375"
"L2Z60";"Agents d'accueil et d'information";"2003-2005";"1149"
"L2Z61";"Agents administratifs divers";"2017-2019";"1600"
"L2Z61";"Agents administratifs divers";"2003-2005";"1300"
"L3Z";"Secrétaires de direction";"2017-2019";"1920"
"L3Z";"Secrétaires de direction";"2003-2005";"1539"
"L3Z80";"Secrétaires de direction";"2017-2019";"1920"
"L3Z80";"Secrétaires de direction";"2003-2005";"1539"
"L4Z";"Techniciens des services administratifs, comptables et financiers";"2003-2005";"1662"
"L4Z";"Techniciens des services administratifs, comptables et financiers";"2017-2019";"1928"
"L4Z80";"Techniciens des services administratifs";"2003-2005";"1623"
"L4Z80";"Techniciens des services administratifs";"2017-2019";"1850"
"L4Z81";"Techniciens des services comptables et financiers";"2017-2019";"2050"
"L4Z81";"Techniciens des services comptables et financiers";"2003-2005";"1714"
"L5Z";"Cadres des services administratifs, comptables et financiers";"2017-2019";"3200"
"L5Z";"Cadres des services administratifs, comptables et financiers";"2003-2005";"2659"
"L5Z90";"Cadres administratifs, comptables et financiers (hors juristes)";"2017-2019";"3218"
"L5Z90";"Cadres administratifs, comptables et financiers (hors juristes)";"2003-2005";"2662"
"L5Z91";"Juristes";"2017-2019";"3531"
"L5Z91";"Juristes";"2003-2005";"2812"
"L5Z92";"Cadres des ressources humaines et du recrutement";"2017-2019";"3000"
"L5Z92";"Cadres des ressources humaines et du recrutement";"2003-2005";"2525"
"M";"Informatique et télécommunications";"2017-2019";"2700"
"M";"Informatique et télécommunications";"2003-2005";"2200"
"M0Z";"Employés et opérateurs de l'informatique";"2003-2005";"1220"
"M0Z";"Employés et opérateurs de l'informatique";"2017-2019";"1594"
"M0Z60";"Employés et opérateurs en informatique";"2003-2005";"1220"
"M0Z60";"Employés et opérateurs en informatique";"2017-2019";"1594"
"M1Z";"Techniciens de l'informatique";"2017-2019";"1913"
"M1Z";"Techniciens de l'informatique";"2003-2005";"1700"
"M1Z80";"Techniciens d'étude et de développement en informatique";"2017-2019";"1950"
"M1Z80";"Techniciens d'étude et de développement en informatique";"2003-2005";"1728"
"M1Z81";"Techniciens de production, d'exploitation, d'installation, et de maintenance, support et services aux utilisateurs en informatique";"2017-2019";"1891"
"M1Z81";"Techniciens de production, d'exploitation, d'installation, et de maintenance, support et services aux utilisateurs en informatique";"2003-2005";"1683"
"M2Z";"Ingénieurs de l'informatique";"2017-2019";"3120"
"M2Z";"Ingénieurs de l'informatique";"2003-2005";"2631"
"M2Z90";"Ingénieurs et cadres d'étude, recherche et développement en informatique, chefs de projets informatiques";"2017-2019";"3100"
"M2Z90";"Ingénieurs et cadres d'étude, recherche et développement en informatique, chefs de projets informatiques";"2003-2005";"2590"
"M2Z92";"Ingénieurs et cadres des télécommunications";"2003-2005";"3133"
"M2Z92";"Ingénieurs et cadres des télécommunications";"2017-2019";"3492"
"N";"Études et recherche";"2017-2019";"3100"
"N";"Études et recherche";"2003-2005";"2726"
"N0Z";"Personnels d'études et de recherche";"2017-2019";"3100"
"N0Z";"Personnels d'études et de recherche";"2003-2005";"2726"
"N0Z90";"Ingénieurs et cadres d'étude, recherche et développement (industrie)";"2017-2019";"3250"
"N0Z90";"Ingénieurs et cadres d'étude, recherche et développement (industrie)";"2003-2005";"2804"
"N0Z91";"Chercheurs (sauf industrie et enseignement supérieur)";"2017-2019";"2600"
"N0Z91";"Chercheurs (sauf industrie et enseignement supérieur)";"2003-2005";"2538"
"P";"Administration publique, professions juridiques, armée et police";"2003-2005";"1611"
"P";"Administration publique, professions juridiques, armée et police";"2017-2019";"2000"
"P0Z";"Employés administratifs de la fonction publique (catégorie C et assimilés)";"2017-2019";"1600"
"P0Z";"Employés administratifs de la fonction publique (catégorie C et assimilés)";"2003-2005";"1329"
"P0Z60";"Agents des impôts et des douanes";"2017-2019";"1800"
"P0Z60";"Agents des impôts et des douanes";"2003-2005";"1551"
"P0Z61";"Employés des services au public";"2003-2005";"1318"
"P0Z61";"Employés des services au public";"2017-2019";"1600"
"P0Z62";"Employés de la Poste et des télécommunications";"2017-2019";"1554"
"P0Z62";"Employés de la Poste et des télécommunications";"2003-2005";"1302"
"P1Z";"Professions intermédiaires administratives de la fonction publique (catégorie B et assimilés)";"2003-2005";"1718"
"P1Z";"Professions intermédiaires administratives de la fonction publique (catégorie B et assimilés)";"2017-2019";"2000"
"P1Z80";"Contrôleurs des impôts et des douanes";"2003-2005";"2000"
"P1Z80";"Contrôleurs des impôts et des douanes";"2017-2019";"2281"
"P1Z81";"Autres cadres B de la fonction publique";"2003-2005";"1690"
"P1Z81";"Autres cadres B de la fonction publique";"2017-2019";"1999"
"P1Z82";"Professions intermédiaires de la Poste et des télécommunications";"2003-2005";"1686"
"P1Z82";"Professions intermédiaires de la Poste et des télécommunications";"2017-2019";"1983"
"P2Z";"Cadres de la fonction publique (catégorie A et assimilés)";"2017-2019";"3000"
"P2Z";"Cadres de la fonction publique (catégorie A et assimilés)";"2003-2005";"2600"
"P2Z90";"Cadres A de la fonction publique (hors spécialités juridiques) et assimilés";"2017-2019";"3000"
"P2Z90";"Cadres A de la fonction publique (hors spécialités juridiques) et assimilés";"2003-2005";"2595"
"P2Z91";"Cadres de la Poste et des télécommunications";"2003-2005";"2397"
"P2Z91";"Cadres de la Poste et des télécommunications";"2017-2019";"3000"
"P2Z92";"Cadres de l'armée et de la gendarmerie";"2003-2005";"2961"
"P2Z92";"Cadres de l'armée et de la gendarmerie";"2017-2019";"3692"
"P3Z";"Professionnels du droit (hors juristes en entreprise)";"2003-2005";"3800"
"P3Z";"Professionnels du droit (hors juristes en entreprise)";"2017-2019";"4173"
"P4Z";"Armée, police, pompiers";"2003-2005";"1800"
"P4Z";"Armée, police, pompiers";"2017-2019";"2150"
"P4Z60";"Agents de sécurité et de l'ordre public";"2017-2019";"2100"
"P4Z60";"Agents de sécurité et de l'ordre public";"2003-2005";"1700"
"P4Z61";"Agents de polices municipales";"2017-2019";"2000"
"P4Z61";"Agents de polices municipales";"2003-2005";"1517"
"P4Z80";"Cadres intermédiaires de la police et de l'armée";"2003-2005";"2287"
"P4Z80";"Cadres intermédiaires de la police et de l'armée";"2017-2019";"2542"
"Q";"Banque et assurances";"2017-2019";"2333"
"Q";"Banque et assurances";"2003-2005";"1800"
"Q0Z";"Employés de la banque et des assurances";"2003-2005";"1533"
"Q0Z";"Employés de la banque et des assurances";"2017-2019";"1850"
"Q0Z60";"Employés de la banque et des assurances";"2003-2005";"1533"
"Q0Z60";"Employés de la banque et des assurances";"2017-2019";"1850"
"Q1Z";"Techniciens de la banque et des assurances";"2017-2019";"2080"
"Q1Z";"Techniciens de la banque et des assurances";"2003-2005";"1715"
"Q1Z80";"Techniciens de la banque";"2017-2019";"2127"
"Q1Z80";"Techniciens de la banque";"2003-2005";"1773"
"Q1Z81";"Techniciens des assurances";"2017-2019";"2000"
"Q1Z81";"Techniciens des assurances";"2003-2005";"1667"
"Q2Z";"Cadres de la banque et des assurances";"2017-2019";"3333"
"Q2Z";"Cadres de la banque et des assurances";"2003-2005";"2708"
"Q2Z90";"Cadres de la banque";"2003-2005";"2845"
"Q2Z90";"Cadres de la banque";"2017-2019";"3466"
"Q2Z91";"Cadres des assurances";"2003-2005";"2478"
"Q2Z91";"Cadres des assurances";"2017-2019";"3050"
"R";"Commerce";"2003-2005";"1486"
"R";"Commerce";"2017-2019";"1860"
"R0Z";"Caissiers, employés de libre service";"2003-2005";"1053"
"R0Z";"Caissiers, employés de libre service";"2017-2019";"1330"
"R0Z60";"Employés de libre service";"2017-2019";"1359"
"R0Z60";"Employés de libre service";"2003-2005";"1074"
"R0Z61";"Caissiers";"2017-2019";"1300"
"R0Z61";"Caissiers";"2003-2005";"1036"
"R1Z";"Vendeurs";"2003-2005";"1120"
"R1Z";"Vendeurs";"2017-2019";"1360"
"R1Z60";"Vendeurs en produits alimentaires";"2017-2019";"1334"
"R1Z60";"Vendeurs en produits alimentaires";"2003-2005";"1069"
"R1Z61";"Vendeurs en ameublement, équipement du foyer, bricolage";"2003-2005";"1182"
"R1Z61";"Vendeurs en ameublement, équipement du foyer, bricolage";"2017-2019";"1488"
"R1Z62";"Vendeurs en habillement et accessoires, articles de luxe, de sport, de loisirs et culturels";"2003-2005";"1100"
"R1Z62";"Vendeurs en habillement et accessoires, articles de luxe, de sport, de loisirs et culturels";"2017-2019";"1311"
"R1Z63";"Vendeurs en gros de matériel et équipements";"2017-2019";"1672"
"R1Z63";"Vendeurs en gros de matériel et équipements";"2003-2005";"1349"
"R1Z66";"Vendeurs généralistes";"2017-2019";"1325"
"R1Z66";"Vendeurs généralistes";"2003-2005";"1100"
"R1Z67";"Télévendeurs";"2003-2005";"1100"
"R1Z67";"Télévendeurs";"2017-2019";"1300"
"R2Z";"Attachés commerciaux et représentants";"2003-2005";"1662"
"R2Z";"Attachés commerciaux et représentants";"2017-2019";"2000"
"R2Z80";"Attachés commerciaux";"2003-2005";"1668"
"R2Z80";"Attachés commerciaux";"2017-2019";"2045"
"R2Z83";"Représentants auprčs des particuliers";"2017-2019";"1852"
"R2Z83";"Représentants auprčs des particuliers";"2003-2005";"1600"
"R3Z";"Maîtrise des magasins et intermédiaires du commerce";"2017-2019";"1883"
"R3Z";"Maîtrise des magasins et intermédiaires du commerce";"2003-2005";"1462"
"R3Z80";"Maîtrise des magasins";"2017-2019";"1811"
"R3Z80";"Maîtrise des magasins";"2003-2005";"1423"
"R3Z82";"Professions intermédiaires commerciales";"2003-2005";"1547"
"R3Z82";"Professions intermédiaires commerciales";"2017-2019";"2004"
"R4Z";"Cadres commerciaux et technico-commerciaux";"2017-2019";"3300"
"R4Z";"Cadres commerciaux et technico-commerciaux";"2003-2005";"2800"
"R4Z90";"Cadres commerciaux, acheteurs et cadres de la mercatique";"2003-2005";"2900"
"R4Z90";"Cadres commerciaux, acheteurs et cadres de la mercatique";"2017-2019";"3450"
"R4Z91";"Ingénieurs et cadres technico-commerciaux";"2017-2019";"3408"
"R4Z91";"Ingénieurs et cadres technico-commerciaux";"2003-2005";"2808"
"R4Z92";"Cadres des magasins";"2017-2019";"2751"
"R4Z92";"Cadres des magasins";"2003-2005";"2250"
"R4Z93";"Agents immobiliers, syndics";"2017-2019";"3033"
"R4Z93";"Agents immobiliers, syndics";"2003-2005";"2084"
"S";"Hôtellerie, restauration, alimentation";"2017-2019";"1500"
"S";"Hôtellerie, restauration, alimentation";"2003-2005";"1200"
"S0Z";"Bouchers, charcutiers, boulangers";"2017-2019";"1570"
"S0Z";"Bouchers, charcutiers, boulangers";"2003-2005";"1243"
"S0Z40";"Bouchers";"2003-2005";"1238"
"S0Z40";"Bouchers";"2017-2019";"1590"
"S0Z41";"Charcutiers, traiteurs";"2003-2005";"1200"
"S0Z41";"Charcutiers, traiteurs";"2017-2019";"1441"
"S0Z42";"Boulangers, pâtissiers";"2017-2019";"1558"
"S0Z42";"Boulangers, pâtissiers";"2003-2005";"1300"
"S1Z";"Cuisiniers";"2003-2005";"1200"
"S1Z";"Cuisiniers";"2017-2019";"1500"
"S1Z20";"Aides de cuisine, apprentis de cuisine et employés polyvalents de la restauration";"2017-2019";"1270"
"S1Z20";"Aides de cuisine, apprentis de cuisine et employés polyvalents de la restauration";"2003-2005";"1000"
"S1Z40";"Cuisiniers";"2003-2005";"1220"
"S1Z40";"Cuisiniers";"2017-2019";"1500"
"S1Z80";"Chefs cuisiniers";"2003-2005";"1517"
"S1Z80";"Chefs cuisiniers";"2017-2019";"1803"
"S2Z";"Employés et agents de maîtrise de l'hôtellerie et de la restauration";"2017-2019";"1400"
"S2Z";"Employés et agents de maîtrise de l'hôtellerie et de la restauration";"2003-2005";"1123"
"S2Z60";"Employés de l'hôtellerie";"2017-2019";"1380"
"S2Z60";"Employés de l'hôtellerie";"2003-2005";"1087"
"S2Z61";"Serveurs de cafés restaurants";"2017-2019";"1350"
"S2Z61";"Serveurs de cafés restaurants";"2003-2005";"1088"
"S2Z80";"Maîtres d'hôtel";"2003-2005";"1406"
"S2Z80";"Maîtres d'hôtel";"2017-2019";"1700"
"S2Z81";"Maîtrise de l'hôtellerie";"2003-2005";"1521"
"S2Z81";"Maîtrise de l'hôtellerie";"2017-2019";"1766"
"S3Z";"Patrons et cadres d'hôtels, cafés, restaurants";"2017-2019";"2500"
"S3Z";"Patrons et cadres d'hôtels, cafés, restaurants";"2003-2005";"2157"
"S3Z90";"Cadres de l'hôtellerie et de la restauration";"2017-2019";"2500"
"S3Z90";"Cadres de l'hôtellerie et de la restauration";"2003-2005";"2157"
"T";"Services aux particuliers et aux collectivités";"2003-2005";"1098"
"T";"Services aux particuliers et aux collectivités";"2017-2019";"1400"
"T0Z";"Coiffeurs, esthéticiens";"2003-2005";"1050"
"T0Z";"Coiffeurs, esthéticiens";"2017-2019";"1298"
"T0Z60";"Coiffeurs, esthéticiens";"2017-2019";"1298"
"T0Z60";"Coiffeurs, esthéticiens";"2003-2005";"1050"
"T1Z";"Employés de maison";"2017-2019";"1400"
"T1Z";"Employés de maison";"2003-2005";"991"
"T1Z60";"Employés de maison et personnels de ménage";"2017-2019";"1400"
"T1Z60";"Employés de maison et personnels de ménage";"2003-2005";"991"
"T2A";"Aides ŕ domicile et aides ménagčres";"2003-2005";"1000"
"T2A";"Aides ŕ domicile et aides ménagčres";"2017-2019";"1290"
"T2A60";"Aides ŕ domicile et aides ménagčres";"2017-2019";"1290"
"T2A60";"Aides ŕ domicile et aides ménagčres";"2003-2005";"1000"
"T2B";"Assistantes maternelles";"2017-2019";"1324"
"T2B";"Assistantes maternelles";"2003-2005";"844"
"T2B60";"Assistantes maternelles";"2003-2005";"844"
"T2B60";"Assistantes maternelles";"2017-2019";"1324"
"T3Z";"Agents de gardiennage et de sécurité";"2017-2019";"1460"
"T3Z";"Agents de gardiennage et de sécurité";"2003-2005";"1143"
"T3Z60";"Concierges";"2003-2005";"1017"
"T3Z60";"Concierges";"2017-2019";"1408"
"T3Z61";"Agents de sécurité et de surveillance";"2017-2019";"1490"
"T3Z61";"Agents de sécurité et de surveillance";"2003-2005";"1188"
"T4Z";"Agents d'entretien";"2003-2005";"1157"
"T4Z";"Agents d'entretien";"2017-2019";"1428"
"T4Z60";"Agents d'entretien de locaux";"2017-2019";"1441"
"T4Z60";"Agents d'entretien de locaux";"2003-2005";"1128"
"T4Z61";"Agents de services hospitaliers";"2003-2005";"1200"
"T4Z61";"Agents de services hospitaliers";"2017-2019";"1400"
"T4Z62";"Ouvriers de l'assainissement et du traitement des déchets";"2003-2005";"1242"
"T4Z62";"Ouvriers de l'assainissement et du traitement des déchets";"2017-2019";"1600"
"T6Z";"Employés des services divers";"2017-2019";"1600"
"T6Z";"Employés des services divers";"2003-2005";"1215"
"T6Z61";"Employés des services divers";"2017-2019";"1600"
"T6Z61";"Employés des services divers";"2003-2005";"1215"
"U";"Communication, information, art et spectacle";"2017-2019";"2274"
"U";"Communication, information, art et spectacle";"2003-2005";"1887"
"U0Z";"Professionnels de la communication et de l'information";"2017-2019";"2614"
"U0Z";"Professionnels de la communication et de l'information";"2003-2005";"2230"
"U0Z80";"Assistants de communication";"2017-2019";"1800"
"U0Z80";"Assistants de communication";"2003-2005";"1441"
"U0Z90";"Cadres de la communication";"2003-2005";"2683"
"U0Z90";"Cadres de la communication";"2017-2019";"3099"
"U0Z91";"Cadres et techniciens de la documentation";"2003-2005";"1850"
"U0Z91";"Cadres et techniciens de la documentation";"2017-2019";"2400"
"U0Z92";"Journalistes et cadres de l'édition";"2017-2019";"3007"
"U0Z92";"Journalistes et cadres de l'édition";"2003-2005";"2383"
"U1Z";"Professionnels des arts et des spectacles";"2017-2019";"2000"
"U1Z";"Professionnels des arts et des spectacles";"2003-2005";"1651"
"U1Z80";"Professionnels des spectacles";"2017-2019";"2200"
"U1Z80";"Professionnels des spectacles";"2003-2005";"1817"
"U1Z82";"Graphistes, dessinateurs, stylistes, décorateurs et créateurs de supports de communication visuelle";"2017-2019";"1937"
"U1Z82";"Graphistes, dessinateurs, stylistes, décorateurs et créateurs de supports de communication visuelle";"2003-2005";"1586"
"U1Z91";"Artistes (musique, danse, spectacles)";"2003-2005";"1527"
"U1Z91";"Artistes (musique, danse, spectacles)";"2017-2019";"1841"
"V";"Santé, action sociale, culturelle et sportive";"2003-2005";"1550"
"V";"Santé, action sociale, culturelle et sportive";"2017-2019";"1775"
"V0Z";"Aides-soignants";"2017-2019";"1549"
"V0Z";"Aides-soignants";"2003-2005";"1362"
"V0Z60";"Aides-soignants";"2003-2005";"1362"
"V0Z60";"Aides-soignants";"2017-2019";"1549"
"V1Z";"Infirmiers, sages-femmes";"2017-2019";"2028"
"V1Z";"Infirmiers, sages-femmes";"2003-2005";"1842"
"V1Z80";"Infirmiers";"2017-2019";"2025"
"V1Z80";"Infirmiers";"2003-2005";"1829"
"V1Z81";"Sages-femmes";"2017-2019";"2309"
"V1Z81";"Sages-femmes";"2003-2005";"2137"
"V2Z";"Médecins et assimilés";"2017-2019";"3390"
"V2Z";"Médecins et assimilés";"2003-2005";"2956"
"V2Z90";"Médecins";"2003-2005";"3500"
"V2Z90";"Médecins";"2017-2019";"3800"
"V2Z93";"Pharmaciens";"2003-2005";"2322"
"V2Z93";"Pharmaciens";"2017-2019";"2841"
"V3Z";"Professions para-médicales";"2003-2005";"1531"
"V3Z";"Professions para-médicales";"2017-2019";"1868"
"V3Z70";"Techniciens médicaux et préparateurs";"2017-2019";"1808"
"V3Z70";"Techniciens médicaux et préparateurs";"2003-2005";"1486"
"V3Z71";"Spécialistes de l'appareillage médical";"2017-2019";"1824"
"V3Z71";"Spécialistes de l'appareillage médical";"2003-2005";"1511"
"V3Z80";"Autres professionnels para-médicaux";"2003-2005";"1732"
"V3Z80";"Autres professionnels para-médicaux";"2017-2019";"1854"
"V3Z90";"Psychologues, psychothérapeutes";"2003-2005";"2252"
"V3Z90";"Psychologues, psychothérapeutes";"2017-2019";"2280"
"V4Z";"Professionnels de l'action sociale et de l'orientation";"2003-2005";"1604"
"V4Z";"Professionnels de l'action sociale et de l'orientation";"2017-2019";"1800"
"V4Z80";"Professionnels de l'orientation";"2017-2019";"2398"
"V4Z80";"Professionnels de l'orientation";"2003-2005";"1980"
"V4Z83";"Educateurs spécialisés";"2017-2019";"1770"
"V4Z83";"Educateurs spécialisés";"2003-2005";"1543"
"V4Z85";"Professionnels de l'action sociale";"2017-2019";"1840"
"V4Z85";"Professionnels de l'action sociale";"2003-2005";"1703"
"V5Z";"Professionnels de l'action culturelle, sportive et surveillants";"2017-2019";"1471"
"V5Z";"Professionnels de l'action culturelle, sportive et surveillants";"2003-2005";"1136"
"V5Z81";"Professionnels de l'animation socioculturelle";"2003-2005";"1193"
"V5Z81";"Professionnels de l'animation socioculturelle";"2017-2019";"1450"
"V5Z82";"Sportifs et animateurs sportifs";"2003-2005";"1292"
"V5Z82";"Sportifs et animateurs sportifs";"2017-2019";"1603"
"V5Z84";"Surveillants d'établissements scolaires";"2017-2019";"1320"
"V5Z84";"Surveillants d'établissements scolaires";"2003-2005";"1000"
"W";"Enseignement, formation";"2017-2019";"2292"
"W";"Enseignement, formation";"2003-2005";"1906"
"W0Z";"Enseignants";"2003-2005";"1951"
"W0Z";"Enseignants";"2017-2019";"2300"
"W0Z80";"Professeurs des écoles";"2017-2019";"2148"
"W0Z80";"Professeurs des écoles";"2003-2005";"1752"
"W0Z90";"Professeurs du secondaire";"2003-2005";"2000"
"W0Z90";"Professeurs du secondaire";"2017-2019";"2320"
"W0Z91";"Directeurs d'établissement scolaire et inspecteurs";"2003-2005";"2953"
"W0Z91";"Directeurs d'établissement scolaire et inspecteurs";"2017-2019";"3533"
"W0Z92";"Professeurs du supérieur";"2017-2019";"3000"
"W0Z92";"Professeurs du supérieur";"2003-2005";"2500"
"W1Z";"Formateurs";"2003-2005";"1547"
"W1Z";"Formateurs";"2017-2019";"1780"
"W1Z80";"Formateurs";"2017-2019";"1780"
"W1Z80";"Formateurs";"2003-2005";"1547"
"X";"Politique, religion";"2017-2019";"1340"
"X";"Politique, religion";"2003-2005";"1243"
"X0Z";"Professionnels de la politique et clergé";"2003-2005";"1243"
"X0Z";"Professionnels de la politique et clergé";"2017-2019";"1340"
"X0Z01";"Clergé";"2003-2005";"1100"
"X0Z01";"Clergé";"2017-2019";"1152"
"Z";"Non renseigné ou autre";"2003-2005";nd
"Z";"Non renseigné ou autre";"2017-2019";"1879"
"ZZZ";"Non renseigné ou autre";"2003-2005";nd
"ZZZ";"Non renseigné ou autre";"2017-2019";"1879"
"ZZZZZ";"Non renseigné ou autre";"2003-2005";nd
"ZZZZZ";"Non renseigné ou autre";"2017-2019";"1879"
